{
    "метод Эйлера экспериментальные": [
        [
            0.0,
            1.0,
            0.0,
            0.0
        ],
        [
            3.0000000000000013,
            0.7209302458002882,
            0.27906975419971175,
            0.0
        ]
    ],
    "Неявный метод Эйлера экспериментальные": [
        [
            0.0,
            1.0,
            0.0,
            0.0
        ],
        [
            3.0000000000000013,
            0.7209302458002882,
            0.27906975419971175,
            0.0
        ]
    ],
    "Метод трапеций экспериментальные": [
        [
            0.0,
            1.0,
            0.0,
            0.0
        ],
        [
            3.0000000000000013,
            0.1753363923116933,
            0.08422745063199649,
            0.0
        ]
    ],
    "Метод средней точки экспериментальные": [
        [
            0.0,
            1.0,
            0.0,
            0.0
        ],
        [
            3.0000000000000013,
            0.17533639231169332,
            0.0842274506319965,
            0.0
        ]
    ],
    "Метод Рунге-Кутты 2-го порядка экспериментальные": [
        [
            0.0,
            1.0,
            0.0,
            0.0
        ],
        [
            3.0000000000000013,
            0.6810292896863905,
            0.2636241943687822,
            0.0
        ]
    ],
    "Метод Рунге-Кутты 4-го порядка экспериментальные": [
        [
            0.0,
            1.0,
            0.0,
            0.0
        ],
        [
            3.0000000000000013,
            0.6811538142490304,
            0.2636724031097208,
            0.0
        ]
    ]
}